PubChem	GDSC-ID	Name	Drug	Aliases	Target	Pathway	PubChem	GDSC Sample Siize	LINCS Small 	INCS Name	Smiles	PubChem	CHEMBML	ChEBI-ID
9863776	1242	(5Z)-7-Oxozeaenol	(5Z)-7-Oxozeaenol	"5Z-7-Oxozeaenol	 LL-Z1640-2"	TAK1 	"Other	 kinases"	9863776	951	LSM-43344	5Z-7-Oxozeaenol	COc1cc(O)c2C(=O)O[C@@H](C)C\C=C/C(=O)[C@@H](O)[C@@H](O)C\C=C\c2c1	9863776		67559
3385	179	5-Fluorouracil	5-Fluorouracil	5-FU	Antimetabolite (DNA & RNA)	Other	3385	971	LSM-4261	"Fluorouracil	 5-Fluorouracil	 5-FU	 Fluracil	 Fluoroplex	 Efudex	 Carac	 Adrucil	 RO-29757	 Fluoro Uracil"	FC1=CNC(=O)NC1=O	3385	CHEMBL185	46345
10172943	86	A-443654	A-443654	KIN001-139	"AKT1	 AKT2	 AKT3"	PI3K/MTOR signaling	10172943	426	LSM-1045	"A-443654	 A-443644"	Cc1[nH]nc2ccc(cc12)c3cncc(OC[C@@H](N)Cc4c[nH]c5ccccc45)c3	10172943	CHEMBL379300	91351
10184653	1032	Afatinib	Afatinib	"BIBW2992	 Tovok	 Gilotrif"	"ERBB2	 EGFR"	EGFR signaling	10184653	892	LSM-43226	"Afatinib	 Bibw-2992"	CN(C)C\C=C\C(=O)Nc1cc2c(Nc3ccc(F)c(Cl)c3)ncnc2cc1O[C@H]4CCOC4	10184653	CHEMBL2105712; CHEMBL1173655	61390
10184653	1377	Afatinib	Afatinib	"BIBW2992	 Tovok	 Gilotrif"	"ERBB2	 EGFR"	EGFR signaling	10184653	952	LSM-43226	"Afatinib	 Bibw-2992"	CN(C)C\C=C\C(=O)Nc1cc2c(Nc3ccc(F)c(Cl)c3)ncnc2cc1O[C@H]4CCOC4	10184653	CHEMBL2105712; CHEMBL1173655	61390
10196499	171	AKT inhibitor VIII	AKT inhibitor VIII	Akti-1/2	"AKT1	 AKT2	 AKT3"	PI3K/MTOR signaling	10196499	937	LSM-1035	"AKT Inhibitor VIII	 AKT-Inhibitor-1-2	 SID124754727	 SID29217482"	O=C1Nc2ccccc2N1C3CCN(Cc4ccc(cc4)c5nc6cc7[nH]cnc7cc6nc5c8ccccc8)CC3	10196499	CHEMBL258844	91346
10196499	228	AKT inhibitor VIII	AKT inhibitor VIII	"Akti-1/2	 KIN001-102"	"AKT1	 AKT2	 AKT3"	PI3K/MTOR signaling	10196499	982	LSM-1035	"AKT Inhibitor VIII	 AKT-Inhibitor-1-2	 SID124754727	 SID29217482"	O=C1Nc2ccccc2N1C3CCN(Cc4ccc(cc4)c5nc6cc7[nH]cnc7cc6nc5c8ccccc8)CC3	10196499	CHEMBL258844	91346
49806720	281	Alectinib	Alectinib	"CH5424802	 CH 542802	 Alecensa"	ALK	RTK signaling	49806720	977	LSM-1202	"Alectinib	 CH-5424802	 AF-802"	CCc1cc2C(=O)c3c([nH]c4cc(ccc34)C#N)C(C)(C)c2cc1N5CCC(CC5)N6CCOCC6	49806720	CHEMBL3707320; CHEMBL1738797	90936
11282283	293	Amuvatinib	Amuvatinib	"MP470	 MP 470	 MP-470"	"KIT	 PDGFRA	 FLT3"	"Other	 kinases"	11282283	973	LSM-1118	"Amuvatinib	 HPK-56	 MP-470"	S=C(NCc1ccc2OCOc2c1)N3CCN(CC3)c4ncnc5c4oc6ccccc56	11282283	CHEMBL2105685; CHEMBL2103851	91389
10109823	207	AS601245	AS601245		"JNK1	 JNK2	 JNK2"	JNK and p38 signaling	10109823	928	LSM-1034	"AS601245	 AS-601245"	N#CC(c1ccnc(NCCc2cccnc2)n1)c3nc4ccccc4s3	10109823		91345
5289247	224	AS605240	AS605240	"KIN001-173	 AS-605240"	PI3Kgamma	PI3K/MTOR signaling	5289247	978	LSM-42785	"AS 605240	 AS-605240"	O=C1NC(=O)\C(=C\c2ccc3nccnc3c2)\S1	5289247	CHEMBL568150	
11338033	219	AT-7519	AT-7519	AT7519	"CDK1	 CDK2	 CDK4	 CDK6	 CDK9"	Cell cycle	11338033	979	LSM-1004	"AT-7519	 AT 7519"	Clc1cccc(Cl)c1C(=O)Nc2c[nH]nc2C(=O)NC3CCNCC3	11338033	CHEMBL445813; CHEMBL497478	91326
6450551	1021	Axitinib	Axitinib	"AG-13736	 Inlyta"	"PDGFR	 KIT	 VEGFR"	RTK signaling	6450551	888	LSM-43191	"Axitinib	 Inlyta	 AG-13736	 AG-013736"	CNC(=O)c1ccccc1Sc2ccc3c(\C=C\c4ccccn4)n[nH]c3c2	6450551	CHEMBL1289926	66910
11676786	29	AZ628	AZ628	"AZ-628	 AZ 628"	BRAF	ERK MAPK signaling	11676786	429	LSM-1050	"AZ628	 AZ-628	 SID137275881"	CN1C=Nc2ccc(Nc3cc(NC(=O)c4cccc(c4)C(C)(C)C#N)ccc3C)cc2C1=O	11676786	CHEMBL2144069	91354
44137675	1066	AZD6482	AZD6482	"AZD 6482	 AZD-6482	 AK-55409"	PI3Kbeta	PI3K/MTOR signaling	44137675	941	LSM-1059	AZD-6482	C[C@@H](Nc1ccccc1C(=O)O)C2=CC(=CN3C(=O)C=C(N=C23)N4CCOCC4)C	44137675	CHEMBL2165191	91359
44137675	156	AZD6482	AZD6482	"AZD 6482	 AZD-6482	 AK-55409"	PI3Kbeta	PI3K/MTOR signaling	44137675	936	LSM-1059	AZD-6482	C[C@@H](Nc1ccccc1C(=O)O)C2=CC(=CN3C(=O)C=C(N=C23)N4CCOCC4)C	44137675	CHEMBL2165191	91359
11152667	1022	AZD7762	AZD7762	"AZD-7762	 AZD 7762"	"CHEK1	 CHEK2"	Cell cycle	11152667	892	LSM-42751	AZD-7762	NC(=O)Nc1cc(sc1C(=O)N[C@H]2CCCNC2)c3cccc(F)c3	11152667	CHEMBL2041933	131156
25262965	1059	AZD8055	AZD8055	AZD-8055	"MTORC1	 MTORC2"	PI3K/MTOR signaling	25262965	880	LSM-1007	"AZD-8055	 AZ-12600000	 AZD 8055	 AZD8055"	COc1ccc(cc1CO)c2ccc3c(nc(nc3n2)N4CCOC[C@@H]4C)N5CCOC[C@@H]5C	25262965	CHEMBL1801204	91329
10200390	178	BAY-61-3606	BAY-61-3606	"Syk Inhibitor	 BAY-613606"	SYK	"Other	 kinases"	10200390	928	LSM-1167	"BAY 61-3606	 BAY-613606	 SYK-Inhibitor"	COc1ccc(cc1OC)c2cc3nccn3c(Nc4ncccc4C(=O)N)n2	10200390	CHEMBL1242100; CHEMBL541400; CHEMBL1190711	91426
6918638	274	Belinostat	Belinostat	"PXD101	 PXD-101"	HDAC1	Chromatin histone acetylation	6918638	951	LSM-43181	"Belinostat	 RLM-2-89	 PXD-101	 PXD101"	ONC(=O)\C=C\c1cccc(c1)S(=O)(=O)Nc2ccccc2	6918638	CHEMBL408513	61076
11364421	60	BI-2536	BI-2536		"PLK1	 PLK2	 PLK3"	Cell cycle	11364421	425	LSM-1041	BI-2536	CC[C@H]1N(C2CCCC2)c3nc(Nc4ccc(cc4OC)C(=O)NC5CCN(C)CC5)ncc3N(C)C1=O	11364421	CHEMBL513909	
2375	150	Bicalutamide	Bicalutamide	"ICI-176334	 Casodex	 Cosudex	 ICI 176334"	AR	Hormone-related	2375	930	LSM-1437	"Bicalutamide	 Kalumid	 Cosudex	 Casodex	 Calutide	 ICI-176334"	CC(O)(CS(=O)(=O)c1ccc(F)cc1)C(=O)Nc2ccc(C#N)c(c2)C(F)(F)F	2375	CHEMBL409	91617
2375	1502	Bicalutamide	Bicalutamide	"ICI-176334	 Casodex	 Cosudex	 ICI 176334"	AR	Hormone-related	2375	908	LSM-1437	"Bicalutamide	 Kalumid	 Cosudex	 Casodex	 Calutide	 ICI-176334"	CC(O)(CS(=O)(=O)c1ccc(F)cc1)C(=O)Nc2ccc(C#N)c(c2)C(F)(F)F	2375	CHEMBL409	91617
46931012	279	BIX02189	BIX02189	BIX 02189	"MEK5	 ERK5"	ERK MAPK signaling	46931012	978	LSM-42797	"BIX 02189	 BIX-02189"	CN(C)Cc1cccc(N\C(=C\2/C(=O)Nc3cc(ccc23)C(=O)N(C)C)\c4ccccc4)c1	46931012	CHEMBL2381342	
9813758	203	BMS-345541	BMS-345541	"BMS345541	 IKK Inhibitor 3"	"IKK1	 IKK2"	"Other	 kinases"	9813758	983	LSM-1028	BMS-345541	Cc1ccc2nc(NCCN)c3ncc(C)n3c2c1	9813758	CHEMBL249697; CHEMBL471496	91340
20635522	63	BMS-509744	BMS-509744	"KIN001-127	 ITK inhibitor"	ITK	Other	20635522	427	LSM-1043	"ITK Inhibitor	 KIN001-127"	COc1cc(C)c(Sc2cnc(NC(=O)c3ccc(CNC(C)C(C)C)cc3)s2)cc1C(=O)N4CCN(CC4)C(=O)C	20635522		91349
24785538	184	BMS-754807	BMS-754807	"BMS754807	 BMS 754807"	"IGF1R	 IR"	IGFR signaling	24785538	927	LSM-6218	BMS-754807	C[C@]1(CCCN1c2nc(Nc3cc([nH]n3)C4CC4)c5cccn5n2)C(=O)Nc6ccc(F)nc6	24785538	CHEMBL575448; CHEMBL2401777	88339
387447	104	Bortezomib	Bortezomib	"PS-341	 LDP-341	 Velcade"	Proteasome	Protein stability and degradation	387447	427	LSM-6281	"179324-69-7	 Velcade	 Bortezomib	 LDP-341	 PS-341"	CC(C)C[C@H](NC(=O)[C@H](Cc1ccccc1)NC(=O)c2cnccn2)B(O)O	387447	CHEMBL325041	52717
5328940	1019	Bosutinib	Bosutinib	"SKI-606	 Bosulif"	"SRC	 ABL	 TEC"	"Other	 kinases"	5328940	894	LSM-1190	"Bosutinib	 Bosulif	 SKI-606	 Bosutinib Monohydrate"	COc1cc(Nc2c(cnc3cc(OCCCN4CCN(C)CC4)c(OC)cc23)C#N)c(Cl)cc1Cl	5328940	CHEMBL2131134; CHEMBL288441	39112
5280757	197	Bryostatin 1	Bryostatin 1	Bryostatin	PKC	"Other	 kinases"	5280757	926	LSM-43289	Bryostatin	CCC\C=C\C=C\C(=O)O[C@H]1\C(=C\C(=O)OC)\C[C@H]2C[C@@H](OC(=O)C[C@H](O)C[C@@H]3C[C@H](OC(=O)C)C(C)(C)[C@](O)(C[C@@H]4C\C(=C\C(=O)OC)\C[C@@H](O4)\C=C\C(C)(C)[C@]1(O)O2)O3)[C@@H](C)O	5280757		88353
11754511	222	BX-912	BX-912		PDK1 (PDPK1)	PI3K/MTOR signaling	11754511	981	LSM-1055	"BX 912	 BX-912"	Brc1cnc(Nc2cccc(NC(=O)N3CCCC3)c2)nc1NCCc4c[nH]cn4	11754511		91357
10077147	1037	BX796	BX796	BX-796	"TBK1	 PDK1 (PDPK1)	 IKK	 AURKB	 AURKC"	Other	10077147	888	LSM-1189	BX-795	Ic1cnc(Nc2cccc(NC(=O)N3CCCC3)c2)nc1NCCCNC(=O)c4cccs4	10077147	CHEMBL577784	91439
25102847	249	Cabozantinib	Cabozantinib	"BMS-907351	 XL-184	 Cometriq"	"VEGFR	 MET	 RET	 KIT	 FLT1	 FLT3	 FLT4	 TIE2	AXL"	"Other	 kinases"	25102847	978	LSM-1195	"Cabozantinib	 BMS-907351	 XL-184"	COc1cc2nccc(Oc3ccc(NC(=O)C4(CC4)C(=O)Nc5ccc(F)cc5)cc3)c2cc1OC	25102847	CHEMBL2105717; CHEMBL2103868	72317
24951314	276	CAY10603	CAY10603		"HDAC1	 HDAC6"	Chromatin histone acetylation	24951314	971	LSM-4941	"CAY10603	 Isox	 SID137275892"	CC(C)(C)OC(=O)Nc1ccc(cc1)c2onc(c2)C(=O)NCCCCCCC(=O)NO	24951314	CHEMBL511749	94306
644215	53	CGP-60474	CGP-60474	"KIN001-019	 CGP60474	 CGP 60474"	"CDK1	CDK2	CDK5	CDK7	CDK9	 PKC"	Cell cycle	644215	426	LSM-1025	"CGP 60474	 CGP-60474	 GNF-PF-88"	OCCCNc1cc(ccn1)c2ccnc(Nc3cccc(Cl)c3)n2	644215	CHEMBL300389	91339
9956119	1241	CHIR-99021	CHIR-99021	"CT 99021	 CHIR99021	 CHIR 99021"	"GSK3A	 GSK3B"	WNT signaling	9956119	950	LSM-1181	"CHIR-99021	 CHIR 99021	 CHIR99021"	Cc1c[nH]c(n1)c2cnc(NCCNc3ccc(cn3)C#N)nc2c4ccc(Cl)cc4Cl	9956119	CHEMBL412142	91091
9956119	154	CHIR-99021	CHIR-99021	"CT 99021	 CHIR99021	 CHIR 99021"	"GSK3A	 GSK3B"	WNT signaling	9956119	938	LSM-1181	"CHIR-99021	 CHIR 99021	 CHIR99021"	Cc1c[nH]c(n1)c2cnc(NCCNc3ccc(cn3)C#N)nc2c4ccc(Cl)cc4Cl	9956119	CHEMBL412142	91091
6918454	1015	CI-1040	CI-1040	"CI 1040	 PD-18435	 PD-184352	 212631-79-3"	"MEK1	 MEK2"	ERK MAPK signaling	6918454	881	LSM-1048	"CI-1040	 PD-184352	 PD-18435	 PD184352"	Fc1ccc(C(=O)NOCC2CC2)c(Nc3ccc(I)cc3Cl)c1F	6918454	CHEMBL105442	91353
44551660	152	CP466722	CP466722	"CP-466722	 CP 466722	 1080622-86-1"	ATM	Genome integrity	44551660	983	LSM-1009	"CP466722	 SID137275943"	COc1cc2ncnc(c2cc1OC)n3nc(nc3N)c4ccccn4	44551660	CHEMBL2143829	91330
9874913	255	CP724714	CP724714	CP-724714	ERBB2	EGFR signaling	9874913	980	LSM-42777	"CP-724714	 CP724714"	COCC(=O)NC\C=C\c1ccc2ncnc(Nc3ccc(Oc4ccc(C)nc4)c(C)c3)c2c1	9874913	CHEMBL483321	
11626560	37	Crizotinib	Crizotinib	"Xalkori	 PF2341066	 PF-2341066	 PF 2341066"	"MET	 ALK	 ROS1"	RTK signaling	11626560	434	LSM-1027	"Crizotinib	 Xalkori	 PF-2341066"	C[C@@H](Oc1cc(cnc1N)c2cnn(c2)C3CCNCC3)c4c(Cl)ccc(F)c4Cl	11626560	CHEMBL601719	64310
25257557	300	CX-5461	CX-5461	"CX5461	 CX 5461"	RNA Polymerase 1	Other	25257557	974	LSM-6342	CX-5461	CN1CCCN(CC1)c2ccc3C(=O)C(=C4Sc5ccccc5N4c3n2)C(=O)NCc6cnc(C)cn6	25257557		95090
442972	17	Cyclopamine	Cyclopamine		SMO	Other	442972	422	LSM-3304	"Cyclopamine	 [3H]-Cyclopamine"	C[C@@H]1CN[C@@H]2[C@@H](C1)O[C@]3(CC[C@H]4[C@@H]5CC=C6C[C@@H](O)CC[C@]6(C)[C@H]5CC4=C3C)[C@@H]2C	442972	CHEMBL254129	4021
6253	1006	Cytarabine	Cytarabine	"Ara-Cytidine	 Arabinosyl Cytosine	 U-19920"	Antimetabolite	DNA replication	6253	889	LSM-5470	"Cytarabine	 Depocyt	 U-19920	 Tarabine PFS	 Cytosar-U	 Arabinosyl Cytosine	 Ara-Cytidine"	NC1=NC(=O)N(C=C1)[C@@H]2O[C@H](CO)[C@@H](O)[C@@H]2O	6253	CHEMBL1256472; CHEMBL803	28680
44462760	1373	Dabrafenib	Dabrafenib	"GSK2118436	 Tafinlar"	BRAF	ERK MAPK signaling	44462760	903	LSM-6303	"Dabrafenib	 GSK2118436A"	CC(C)(C)c1nc(c2cccc(NS(=O)(=O)c3c(F)cccc3F)c2F)c(s1)c4ccnc(N)n4	44462760	CHEMBL2028663; CHEMBL2105729	75045
6445533	200	Dacinostat	Dacinostat	"NVP-LAQ824	 LAQ824"	HDAC1	Chromatin histone acetylation	6445533	932	LSM-43097	"Dacinostat	 NVP-LAQ824"	OCCN(CCc1c[nH]c2ccccc12)Cc3ccc(\C=C\C(=O)NO)cc3	6445533	CHEMBL356066	
11977753	1057	Dactolisib	Dactolisib	"NVP-BEZ235	 BEZ235"	"PI3K (Class 1)	 MTORC1	 MTORC2"	PI3K/MTOR signaling	11977753	881	LSM-4255	"Dactolisib	 NVP-BEZ-235	 NVP-BEZ235	 NVP-BEZ235-NX	 BEZ-235"	CN1C(=O)N(c2ccc(cc2)C(C)(C)C#N)c3c1cnc4ccc(cc34)c5cnc6ccccc6c5	11977753	CHEMBL3039506; CHEMBL1911126; CHEMBL1879463	71952
6914657	1248	Daporinad	Daporinad	"APO866	 FK866	 FK866"	NAMPT 	Metabolism	6914657	935	LSM-43216	"FK 866	 APO-866	 FK-866"	O=C(NCCCCC1CCN(CC1)C(=O)c2ccccc2)\C=C\c3cccnc3	6914657	CHEMBL566757	
3062316	51	Dasatinib	Dasatinib	"BMS-354825-03	 BMS-354825	 Sprycel"	"ABL	 SRC	 Ephrins	 PDGFR	 KIT"	Other	3062316	423	LSM-1020	"Dasatinib	 Sprycel	 BMS-354825-03	 BMS-354825"	Cc1nc(Nc2ncc(s2)C(=O)Nc3c(C)cccc3Cl)cc(n1)N4CCN(CCO)CC4	3062316	CHEMBL1421	49375
148124	1007	Docetaxel	Docetaxel	"RP-56976	 Taxotere"	Microtubule stabiliser	Mitosis	148124	893	LSM-6360	Docetaxel	CC(=O)O[C@@]12CO[C@@H]1C[C@H](O)[C@]3(C)[C@@H]2[C@H](OC(=O)c4ccccc4)[C@]5(O)C[C@H](OC(=O)[C@H](O)[C@@H](NC(=O)OC(C)(C)C)c6ccccc6)C(=C([C@@H](O)C3=O)C5(C)C)C	148124		4672
156422	1042	Doramapimod	Doramapimod	"BIRB-796	 BIRB 796"	"p38	 JNK2"	JNK and p38 signaling	156422	877	LSM-1170	"Doramapimod	 None	 BIRB-796"	Cc1ccc(cc1)n2nc(cc2NC(=O)Nc3ccc(OCCN4CCOCC4)c5ccccc35)C(C)(C)C	156422	CHEMBL103667	40953
31703	133	Doxorubicin	Doxorubicin	"Doxil	 Rubex	 Adriamycin	 Adriablastin	 Doxorubicine"	Anthracycline	DNA replication	31703	931	LSM-4062	"Doxorubicin	 Hydroxydaunorubicin	 Rubex	 Doxil	 Adriblastina	 Adriamycin"	COc1cccc2C(=O)c3c(O)c4C[C@](O)(C[C@H](O[C@H]5C[C@H](N)[C@H](O)[C@H](C)O5)c4c(O)c3C(=O)c12)C(=O)CO	31703	CHEMBL359744; CHEMBL216371; CHEMBL272706; CHEMBL53463	28748
300471	1031	Elesclomol	Elesclomol	STA-4783	HSP90	Protein stability and degradation	300471	892	LSM-4929	"Elesclomol	 STA-4783"	CN(NC(=O)CC(=O)NN(C)C(=S)c1ccccc1)C(=S)c2ccccc2	300471	CHEMBL1972860	79369
3218	172	Embelin	Embelin	"Emberine	 Embelic acid"	XIAP	Apoptosis regulation	3218	932	LSM-6311	Embelin	CCCCCCCCCCCC1=C(O)C(=O)C=C(O)C1=O	3218		4778
4261	88	Entinostat	Entinostat	MS-275	"HDAC1	 HDAC3"	Chromatin histone acetylation	4261	428	LSM-4811	"Entinostat	 MS-275	 SNDX-275"	Nc1ccccc1NC(=O)c2ccc(CNC(=O)OCc3cccnc3)cc2	4261	CHEMBL27759; CHEMBL3093129	132082
176167	229	Enzastaurin	Enzastaurin	LY317615	PKCB	"Other	 kinases"	176167	981	LSM-1069	"Enzastaurin	 LY-317615"	Cn1cc(C2=C(C(=O)NC2=O)c3cn(C4CCN(Cc5ccccn5)CC4)c6ccccc36)c7ccccc17	176167	CHEMBL300138; CHEMBL2107337	91368
448013	201	Epothilone B	Epothilone B	"Patupilone	 EpoB	 EPO906	 GNF-PF-193"	Microtubule stabiliser	Mitosis	448013	931	LSM-43208	"Patupilone	 Epothilone	 GNF-PF-193	 Epothilone B"	C[C@H]1CCC[C@@]2(C)O[C@H]2C[C@H](OC(=O)C[C@H](O)C(C)(C)C(=O)[C@H](C)[C@H]1O)\C(=C\c3csc(C)n3)\C	448013	CHEMBL94657	31550
176870	1	Erlotinib	Erlotinib	"Tarceva	 RG-1415	 CP-358774	 OSI-774	 Ro-508231	 R-1415"	EGFR	EGFR signaling	176870	393	LSM-1097	"Erlotinib	 CP-358774	 OSI-774	 R-1415	 RG-1415	 RO-508231"	COCCOc1cc2ncnc(Nc3cccc(c3)C#C)c2cc1OCCOC	176870	CHEMBL1079742; CHEMBL553	114785
36462	134	Etoposide	Etoposide	"Etopophos	 Vepesid	 Eposin	 VP-16"	TOP2	DNA replication	36462	940	LSM-6348	"Etoposide	 Vepesid	 Toposar	 VP-16-213"	COc1cc(cc(OC)c1O)[C@H]2[C@@H]3[C@H](COC3=O)[C@H](O[C@@H]4O[C@@H]5CO[C@@H](C)O[C@H]5[C@H](O)[C@H]4O)c6cc7OCOc7cc26	36462	CHEMBL44657	4911
16722836	306	Fedratinib	Fedratinib	"TG101348	 TG-101348	 SAR302503	 SAR-302503"	JAK2	"Other	 kinases"	16722836	979	LSM-1142	"Fedratinib	 TG 101348	 TG-101348	 TG101348	 SAR-302503"	Cc1cnc(Nc2ccc(OCCN3CCCC3)cc2)nc1Nc4cccc(c4)S(=O)(=O)NC(C)(C)C	16722836	CHEMBL1287853	91408
3463933	173	FH535	FH535		"PPARgamma	 PPARdelta"	WNT signaling	3463933	928	LSM-37102	"FH 535	 FH-535"	Cc1cc(ccc1NS(=O)(=O)c2cc(Cl)ccc2Cl)[N+](=O)[O-]	3463933	CHEMBL2363137	125569
56965963	231	FMK	FMK	KIN001-242	RSK	"Other	 kinases"	56965963	839	LSM-1044	"CHEMBL2132289	 SID137276083	 KIN001-242"	COCCNCCCn1c(C(=O)CF)c(c2ccc(C)cc2)c3c(N)ncnc13	56965963	CHEMBL2132289	91350
123631	1010	Gefitinib	Gefitinib	"ZD-1839	 Iressa"	EGFR	EGFR signaling	123631	889	LSM-1098	"Gefitinib	 Iressa	 ZD-1839"	COc1cc2ncnc(Nc3ccc(F)c(Cl)c3)c2cc1OCCCN4CCOCC4	123631	CHEMBL939	49668
60750	135	Gemcitabine	Gemcitabine	"Gemzar	 LY-188011"	Pyrimidine antimetabolite	DNA replication	60750	926	LSM-5333	"Gemcitabine	 Gemzar	 LY-188011"	NC1=NC(=O)N(C=C1)[C@@H]2O[C@H](CO)[C@@H](O)C2(F)F	60750	CHEMBL1201383	175901
5311510	52	GNF-2	GNF-2	KIN001-013	BCR-ABL	ABL signaling	5311510	424	LSM-1022	"HY-11007	 SID26731887"	NC(=O)c1cccc(c1)c2cc(Nc3ccc(OC(F)(F)F)cc3)ncn2	5311510	CHEMBL483847	91337
46885626	226	GSK1070916	GSK1070916	GSK-1070916	"AURKA	 AURKC"	Mitosis	46885626	952	LSM-1062	"GSK-1070916	 GSK1070916"	CCn1cc(c2ccnc3[nH]c(cc23)c4cccc(CN(C)C)c4)c(n1)c5ccc(NC(=O)N(C)C)cc5	46885626	CHEMBL1090479	91362
25124816	202	GSK1904529A	GSK1904529A	"GSK-1904529A	 GSK 1904529A"	"IGF1R	 IR"	IGFR signaling	25124816	931	LSM-1134	GSK-1904529A	CCc1cc(Nc2nccc(n2)c3c(nc4ccccn34)c5ccc(OC)c(c5)C(=O)Nc6c(F)cccc6F)c(OC)cc1N7CCC(CC7)N8CCN(CC8)S(=O)(=O)C	25124816	CHEMBL466397	91401
11626927	91	GSK319347A	GSK319347A	"KIN001-135	 IKK-3 inhibitor"	IKK	Other	11626927	429	LSM-1216	"GSK-319347A	 IKK3-Inhibitor-IX	 IKK-3 Inhibitor	 GSK319347A"	COc1cc2ncn(c3cc(OCc4ccccc4S(=O)(=O)C)c(C#N)s3)c2cc1OC	11626927	CHEMBL373751	91459
11373846	230	GSK429286A	GSK429286A		"ROCK1	 ROCK2"	Cytoskeleton	11373846	983	LSM-1012	"GSK429286A	 GSK-429286A"	CC1=C(C(CC(=O)N1)c2ccc(cc2)C(F)(F)F)C(=O)Nc3cc4cn[nH]c4cc3F	11373846	CHEMBL375312	91332
25022668	177	GSK650394	GSK650394	"GSK-650394	 GSK 650394"	"SGK2	 SGK3"	Other	25022668	922	LSM-6316	GSK-650394	OC(=O)c1ccc(cc1C2CCCC2)c3c[nH]c4ncc(cc34)c5ccccc5	25022668	CHEMBL558642	95066
9826308	87	GW843682X	GW843682X	GW843682X (AN-13)	PLK1	Cell cycle	9826308	427	LSM-1014	"GW843682X	 GW-843682X"	COc1cc2ncn(c3cc(OCc4ccccc4C(F)(F)F)c(s3)C(=O)N)c2cc1OC	9826308	CHEMBL514499	91334
25226483	1142	HG-5-113-01	HG-5-113-01		"LOK	 LTK	 TRCB	 ABL(T315I)"	Other	25226483	519	LSM-5982	"SCHEMBL3954849	 HG-5-113-01"	CNC(=O)c1ccc(Nc2cc(Nc3ccccc3S(=O)(=O)C(C)C)c4cc[nH]c4n2)nc1	25226483		94803
25226117	1143	HG-5-88-01	HG-5-88-01		"EGFR	 ADCK4"	"Other	 kinases"	25226117	518	LSM-5245	"SCHEMBL3958507	 HG-5-88-01"	COc1cc(ccc1Nc2nc(N)c(Cl)c(Nc3ccccc3S(=O)(=O)C(C)C)n2)N4CCC(CC4)C(=O)N	25226117	CHEMBL3392893	94486
53302361	159	HG6-64-1	HG6-64-1	KIN001-206	BRAF	ERK MAPK signaling	53302361	936	LSM-43248	"HG6-64-1	 HG-6-64-01"	CCN1CCN(Cc2ccc(NC(=O)c3ccc(C)c(\C=C\c4cnc5[nH]ccc5c4OC)c3)cc2C(F)(F)F)CC1	53302361		
46943432	275	I-BET-762	I-BET-762	GSK525762A	"BRD2	 BRD3	 BRD4"	Chromatin other	46943432	975	LSM-6334	"GSK 525762A	 GSK525762A	 I-BET"	CCNC(=O)C[C@@H]1N=C(c2ccc(Cl)cc2)c3cc(OC)ccc3n4c(C)nnc14	46943432	CHEMBL1232461	95082
11625818	238	Idelalisib	Idelalisib	"CAL-101	 Zydelig"	PI3Kdelta	PI3K/MTOR signaling	11625818	982	LSM-1205	"Idelalisib	 CAL-101	 GS-1101	 GS-11CAL-101"	CC[C@H](Nc1ncnc2[nH]cnc12)C3=Nc4cccc(F)c4C(=O)N3c5ccccc5	11625818	CHEMBL2216870	82701
5291	34	Imatinib	Imatinib	"Gleevec	 STI-571"	"ABL	 KIT	 PDGFR"	RTK signaling	5291	436	LSM-1023	"Imatinib	 Gleevec	 STI-571"	CN1CCN(Cc2ccc(cc2)C(=O)Nc3ccc(C)c(Nc4nccc(n4)c5cccnc5)c3)CC1	5291	CHEMBL941; CHEMBL2386595; CHEMBL1642	45783
54685215	1230	IOX2	IOX2	"IOX-2	 IOX 2	 AK176060"	EGLN1	Other	54685215	967	LSM-6339	IOX2	OC(=O)CNC(=O)C1=C(O)c2ccccc2N(Cc3ccccc3)C1=O	54685215	CHEMBL3186774	95087
521106	176	IPA-3	IPA-3	IPA 3	PAK1	Cytoskeleton	521106	930	LSM-6312	IPA-3	Oc1ccc2ccccc2c1SSc3c(O)ccc4ccccc34	521106		"95	062	101	355"
25222038	157	JNK-9L	JNK-9L	"KIN001-204	 JNK inhibitor 9l"	"JNK2	 JNK3"	JNK and p38 signaling	25222038	940	LSM-36386	"CHEMBL585951	 JNK-9L"	Fc1cc(cc(c1)c2ccnc(Nc3ccc(cc3)n4cnc(n4)N5CCOCC5)n2)N6CCOCC6	25222038	CHEMBL585951	124929
46907787	1218	JQ1	JQ1	"JQ-1	 (+)-JQ-1"	"BRD2	 BRD3	 BRD4	 BRDT"	Chromatin other	46907787	950	LSM-6332	"1268524-70-4	 JQ1-S	 (S)-Jq1	 (+)-Jq1"	Cc1sc2c(C(=N[C@@H](CC(=O)OC(C)(C)C)c3nnc(C)n23)c4ccc(Cl)cc4)c1C	46907787	CHEMBL1957266	95080
46907787	163	JQ1	JQ1	"JQ-1	 (+)-JQ-1"	"BRD2	 BRD3	 BRD4	 BRDT"	Chromatin other	46907787	940	LSM-6332	"1268524-70-4	 JQ1-S	 (S)-Jq1	 (+)-Jq1"	Cc1sc2c(C(=N[C@@H](CC(=O)OC(C)(C)C)c3nnc(C)n23)c4ccc(Cl)cc4)c1C	46907787	CHEMBL1957266	95080
69923936	256	JW-7-24-1	JW-7-24-1		LCK	"Other	 kinases"	69923936	980	LSM-5674	"SCHEMBL6874948	 JW-7-24-1"	COc1cc(OC)cc(c1)c2ccc3ncc4C=CC(=O)N(c5ccc(N6CCNCC6)c(c5)C(F)(F)F)c4c3c2	69923936		94664
49836027	83	JW-7-52-1	JW-7-52-1	Torin 1	MTOR	PI3K/MTOR signaling	49836027	411	LSM-1079	"TORIN1	 Torin-1"	CCC(=O)N1CCN(CC1)c2ccc(cc2C(F)(F)F)N3C(=O)C=Cc4cnc5ccc(cc5c34)c6cnc7ccccc7c6	49836027	CHEMBL1256459	84327
44143370	291	KIN001-266	KIN001-266		MAP3K8	"Other	 kinases"	44143370	978	LSM-1154	"COT Inhibitor-2	 KIN001-266"	CCN1CCC(CC1)n2cc(CNc3cc(Cl)c4ncc(C#N)c(Nc5ccc(F)c(Cl)c5)c4c3)nn2	44143370	CHEMBL527026	91415
66577006	345	KIN001-270	KIN001-270	"CDK9 inhibitor	 CDK9-IN-1"	CDK9	Cell cycle	66577006	978	LSM-1197	"CDK9 Inhibitor	 KIN001-270"	Cc1ccc(Nc2cc(ncn2)c3cccc(c3)N4C(=O)c5ccccc5C4=O)cc1NS(=O)(=O)C	66577006	CHEMBL3392878	91444
5278396	1030	KU-55933	KU-55933	KU55933	ATM	Genome integrity	5278396	887	LSM-1074	"KU-55933	 KU 55933	 Sigmaku-22933"	O=C1C=C(OC(=C1)c2cccc3Sc4ccccc4Sc23)N5CCOCC5	5278396	CHEMBL222102	91372
208908	119	Lapatinib	Lapatinib	"Tykerb	 Tyverb"	"ERBB2	 EGFR"	EGFR signaling	208908	422	LSM-1051	"Lapatinib	 GW-2016	 GW-572016"	CS(=O)(=O)CCNCc1oc(cc1)c2ccc3ncnc(Nc4ccc(OCc5cccc(F)c5)c(Cl)c4)c3c2	208908	CHEMBL1201179; CHEMBL554; CHEMBL3526325	49603
216326	1020	Lenalidomide	Lenalidomide	"CDC-501	 CC-5013	 Revlimid"	CRBN	Protein stability and degradation	216326	893	LSM-6187	"Lenalidomide	 Revlimid	 CC-5013	 CDC-501"	Nc1cccc2C(=O)N(Cc12)C3CCC(=O)NC3=O	216326	CHEMBL848	63791
126565	1024	Lestauritinib	Lestauritinib	"CEP-701	 SP-924	 SPM-924	 A-154475	 KT-555"	"FLT3	 JAK2	 NTRK1	 NTRK2	 NTRK3"	"Other	 kinases"	126565	892	LSM-1231	"Lestaurtinib	 KT-5555	 SPM-924	 SP924	 SP-924	 KT-555	 CEP-701	 A-1544750	 A-154475"	C[C@]12O[C@H](C[C@]1(O)CO)n3c4ccccc4c5c6C(=O)NCc6c7c8ccccc8n2c7c35	126565	CHEMBL603469	91471
11485656	277	Linifanib	Linifanib	"ABT-869	 ABT 869"	"VEGFR1	 VEGFR2	 VEGFR3	 CSF1R	 FLT3	 KIT"	RTK signaling	11485656	980	LSM-1183	"Linifanib	 AL-39324	 ABT-869	 RG-3635"	Cc1ccc(F)c(NC(=O)Nc2ccc(cc2)c3cccc4[nH]nc(N)c34)c1	11485656	CHEMBL223360	91435
11640390	185	Linsitinib	Linsitinib	"OSI-906	 ASP-7487"	IGF1R	IGFR signaling	11640390	927	LSM-1135	"Linsitinib	 SID103905463	 SID137275876"	CC1(O)CC(C1)c2nc(c3ccc4ccc(nc4c3)c5ccccc5)c6c(N)nccn26	11640390	CHEMBL1996234	91402
10074640	292	Masitinib	Masitinib	"AB1010	 Masivet"	"KIT	 PDGFRA	 PDGFRB"	"Other	 kinases"	10074640	979	LSM-1130	"Masitinib	 AB-1010"	CN1CCN(Cc2ccc(cc2)C(=O)Nc3ccc(C)c(Nc4nc(cs4)c5cccnc5)c3)CC1	10074640	CHEMBL1908391	63450
126941	1008	Methotrexate	Methotrexate	"Abitrexate	 Amethopterin	 Rheumatrex	 Trexall	 Folex"	Antimetabolite	DNA replication	126941	892	LSM-5690	"Methotrexate	 Methylaminopterin	 Mexate	 Rheumatrex	 Trexall	 Abitrexate	 Amethopterin	 Folex	 TCMDC-123832	 TCMDC-125488	 TCMDC-125858	 CL-14377	 Mexate-AQ"	CN(Cc1cnc2nc(N)nc(N)c2n1)c3ccc(cc3)C(=O)N[C@@H](CCC(=O)O)C(=O)O	126941	CHEMBL34259; CHEMBL3244648; CHEMBL1376974	44185
462382	9	MG-132	MG-132	"LLL cpd	 MG 132	 MG132"	"Proteasome	 CAPN1"	Protein stability and degradation	462382	427	LSM-1107	MG-132	CC(C)C[C@H](NC(=O)[C@H](CC(C)C)NC(=O)[C@H](CC(C)C)NC(=O)OCc1ccccc1)C=O	462382	CHEMBL2447916; CHEMBL64925; CHEMBL536336	75142
9829523	153	Midostaurin	Midostaurin	"PKC412	 benzoylstaurosporine	 CGP-41251"	"PKC	 PPK	 FLT1	 c-FGR	 others"	Other	9829523	941	LSM-2287	"Midostaurin	 CGP-41251	 NVP-PKC412	 PKC-412"	CO[C@@H]1[C@@H](C[C@H]2O[C@]1(C)n3c4ccccc4c5c6CNC(=O)c6c7c8ccccc8n2c7c35)N(C)C(=O)c9ccccc9	9829523	CHEMBL608533	63452
5746	136	Mitomycin-C	Mitomycin-C	"Mytozytrex	 NSC-26980	 MMC	 Mitosol	 Mitozytrex"	DNA crosslinker	DNA replication	5746	932	LSM-6310	Mitomycin	CO[C@]12[C@H]3N[C@H]3CN1C4=C([C@H]2COC(=O)N)C(=O)C(=C(C)C4=O)N	5746		27504
11667893	1029	Motesanib	Motesanib	"AMG-706	 AMG 706	 AMG706"	"VEGFR	 RET	 KIT	 PDGFR"	RTK signaling	11667893	887	LSM-1042	"Motesanib	 AMG-706"	CC1(C)CNc2cc(NC(=O)c3cccnc3NCc4ccncc4)ccc12	11667893	CHEMBL572881; CHEMBL2107357	51098
25195352	294	MPS-1-IN-1	MPS-1-IN-1		MPS1	Mitosis	25195352	976	LSM-1105	"MPS1-IN-1	 MPS-1-IN-1"	COc1cc(ccc1Nc2cc(Nc3ccccc3S(=O)(=O)C(C)C)c4cc[nH]c4n2)N5CCC(O)CC5	25195352		91379
24978538	1011	Navitoclax	Navitoclax	"ABT-263	 ABT263	 ABT 263"	"BCL2	 BCL-XL	 BCL-W"	Apoptosis regulation	24978538	888	LSM-4738	"Navitoclax	 ABT-263"	CC1(C)CCC(=C(CN2CCN(CC2)c3ccc(cc3)C(=O)NS(=O)(=O)c4ccc(N[C@H](CCN5CCOCC5)CSc6ccccc6)c(c4)S(=O)(=O)C(F)(F)F)C1)c7ccc(Cl)cc7	24978538	CHEMBL443684; CHEMBL2105690	94128
644241	1013	Nilotinib	Nilotinib	"Tasigna	 AMN 107"	ABL	ABL signaling	644241	843	LSM-1099	"Nilotinib	 AMN-107"	Cc1cn(cn1)c2cc(NC(=O)c3ccc(C)c(Nc4nccc(n4)c5cccnc5)c3)cc(c2)C(F)(F)F	644241	CHEMBL1201740; CHEMBL255863	52172
46843648	257	NPK76-II-72-1	NPK76-II-72-1		PLK3	Cell cycle	46843648	978	LSM-1070	"SCHEMBL618594	 NPK76-II-72-1"	COc1cc(ccc1Nc2ncc3N(C)C(=O)CC(C)N(C4CCCC4)c3n2)C(=O)NC5CCN(C)CC5	46843648		91369
11327430	1038	NU7441	NU7441	"KU-57788	 NU-7432	 NU-7741"	DNAPK	Genome integrity	11327430	885	LSM-1061	"NU-7441	 NU-7432"	O=C1C=C(Oc2c1cccc2c3cccc4c5ccccc5sc34)N6CCOCC6	11327430	CHEMBL188678	91361
11433190	1047	Nutlin-3a (-)	Nutlin-3a (-)		MDM2	p53 pathway	11433190	888	LSM-6351	NUTLIN-3	COc1ccc(C2=N[C@H]([C@H](N2C(=O)N3CCNC(=O)C3)c4ccc(Cl)cc4)c5ccc(Cl)cc5)c(OC(C)C)c1	11433190		95096
16747388	295	NVP-BHG712	NVP-BHG712	BHG712	EPHB4	Other	16747388	978	LSM-1201	NVP-BHG712	Cc1ccc(cc1Nc2nc(nc3c2cnn3C)c4cccnc4)C(=O)Nc5cccc(c5)C(F)(F)F	16747388		91447
16038120	35	NVP-TAE684	NVP-TAE684	"NVP-TAE 684	 TAE684	 TAE-684"	ALK	RTK signaling	16038120	434	LSM-1024	"TAE-684	 NVP-TAE684"	COc1cc(ccc1Nc2ncc(Cl)c(Nc3ccccc3S(=O)(=O)C(C)C)n2)N4CCC(CC4)N5CCN(C)CC5	16038120	CHEMBL509032	91338
23725625	1017	Olaparib	Olaparib	"AZD2281	 KU0059436	 Lynparza"	"PARP1	 PARP2"	Genome integrity	23725625	893	LSM-1145	"Olaparib	 AZD2281(OLAPARIB)	 AZD-2281	 AZD2281"	Fc1ccc(CC2=NNC(=O)c3ccccc23)cc1C(=O)N4CCN(CC4)C(=O)C5CC5	23725625	CHEMBL521686	83766
23725625	1495	Olaparib	Olaparib	"AZD2281	 KU0059436	 Lynparza"	"PARP1	 PARP2"	Genome integrity	23725625	940	LSM-1145	"Olaparib	 AZD2281(OLAPARIB)	 AZD-2281	 AZD2281"	Fc1ccc(CC2=NNC(=O)c3ccccc23)cc1C(=O)N4CCN(CC4)C(=O)C5CC5	23725625	CHEMBL521686	83766
44224160	299	OSI-027	OSI-027	A-1065-5	"MTORC1	 MTORC2"	PI3K/MTOR signaling	44224160	974	LSM-42787	OSI-027	COC1=CC=CC2=C\C(=C/3\N=C(C4CCC(CC4)C(=O)O)N5NC=NC(=C35)N)\N=C12	44224160		
9868037	298	OSI-930	OSI-930	OSI 930 OSI930	KIT	RTK signaling	9868037	979	LSM-1179	"OSI-930	 OSI930"	FC(F)(F)Oc1ccc(NC(=O)c2sccc2NCc3ccnc4ccccc34)cc1	9868037	CHEMBL1614710	91433
6753378	175	PAC-1	PAC-1	GTPL5238	"Procaspase-3	 Procaspase-7"	Apoptosis regulation	6753378	919	LSM-3119	"PAC-1	 BRD-K50841342	 SID50112924	 SID90341778"	Oc1c(CC=C)cccc1\C=N\NC(=O)CN2CCN(Cc3ccccc3)CC2	6753378	CHEMBL591429	
36314	11	Paclitaxel	Paclitaxel	"BMS-181339-01	 Taxol	 Onxol	 Paxene	 Praxel	 Abraxane"	Microtubule stabiliser	Mitosis	36314	427	LSM-6346	"Paclitaxel	 Taxol	 Abraxane	 BMS-181339-01"	CC(=O)O[C@H]1C(=O)[C@]2(C)[C@@H](O)C[C@H]3OC[C@@]3(OC(=O)C)[C@H]2[C@H](OC(=O)c4ccccc4)[C@]5(O)C[C@H](OC(=O)[C@H](O)[C@@H](NC(=O)c6ccccc6)c7ccccc7)C(=C1C5(C)C)C	36314	CHEMBL428647	45863
5330286	1054	Palbociclib	Palbociclib	"PD0332991	 PD-0332991	 PF-00080665-73"	"CDK4	 CDK6"	Cell cycle	5330286	864	LSM-1071	"Palbociclib	 PD-0332991"	CC(=O)C1=C(C)c2cnc(Nc3ccc(cn3)N4CCNCC4)nc2N(C5CCCC5)C1=O	5330286	CHEMBL189963; CHEMBL2364621	85993
7251185	89	Parthenolide	Parthenolide		HDAC1 	Chromatin histone acetylation	7251185	429	LSM-43090	"20554-84-1	 Parthenolide	 SID26756789"	C\C\1=C/CC[C@@]2(C)O[C@@H]2[C@H]3OC(=O)C(=C)[C@@H]3CC1	7251185	CHEMBL388727; CHEMBL3115542	7939
10113978	199	Pazopanib	Pazopanib	Votrient	"CSF1R	 KIT	 PDGFRA	 PDGFRB"	RTK signaling	10113978	928	LSM-1114	"Pazopanib	 GW786034"	CN(c1ccc2c(C)n(C)nc2c1)c3ccnc(Nc4ccc(C)c(c4)S(=O)(=O)N)n3	10113978	CHEMBL1201733; CHEMBL477772	71219
9826528	1060	PD0325901	PD0325901	"PD-0325901	 PD 0325901"	"MEK1	 MEK2"	ERK MAPK signaling	9826528	880	LSM-1101	"PD-0325901	 PD0325901"	OC[C@@H](O)CONC(=O)c1ccc(F)c(F)c1Nc2ccc(I)cc2F	9826528	CHEMBL507361	88249
1401	1049	PD173074	PD173074	"PD-173074	 PD 173074"	"FGFR1	 FGFR3"	RTK signaling	1401	888	LSM-1026	PD-173074	CCN(CC)CCCCNc1ncc2cc(c(NC(=O)NC(C)(C)C)nc2n1)c3cc(OC)cc(OC)c3	1401	CHEMBL189584	63448
6445562	282	Pelitinib	Pelitinib	"EKB-569	 EKB 569"	EGFR	EGFR signaling	6445562	979	LSM-42796	"Pelitinib	 EKB-569	 WAY-EKB-569"	CCOc1cc2ncc(C#N)c(Nc3ccc(F)c(Cl)c3)c2cc1NC(=O)\C=C\CN(C)C	6445562	CHEMBL607707	38927
16720766	1529	Pevonedistat	Pevonedistat	"MLN4924	 MLN 4924	 MLN-4924"	NAE	Other	16720766	725	LSM-6263	"Pevonedistat	 MLN-4924"	NS(=O)(=O)OC[C@@H]1C[C@H](C[C@@H]1O)n2ccc3c(N[C@H]4CCc5ccccc45)ncnc23	16720766	CHEMBL1231160; CHEMBL2364622	95028
11713159	158	PF-562271	PF-562271	PF-00562271	"FAK	 FAK2"	Cytoskeleton	11713159	921	LSM-1072	"PF-562271	 PF-00562271	 PF562271"	CN(c1ncccc1CNc2nc(Nc3ccc4NC(=O)Cc4c3)ncc2C(F)(F)F)S(=O)(=O)C	11713159	CHEMBL2430359; CHEMBL1084546	91370
71271629	1219	PFI-1	PFI-1		BRD4	Chromatin other	71271629	969	LSM-6331	PFI-1	COc1ccccc1S(=O)(=O)Nc2ccc3NC(=O)N(C)Cc3c2	71271629	CHEMBL2179387	95079
10461815	6	PHA-665752	PHA-665752	"PHA665752	 PHA 665752"	MET	RTK signaling	10461815	435	LSM-42793	"PHA-665752	 TCMDC-125885"	Cc1[nH]c(\C=C\2/C(=O)Nc3ccc(cc23)S(=O)(=O)Cc4c(Cl)cccc4Cl)c(C)c1C(=O)N5CCC[C@@H]5CN6CCCC6	10461815	CHEMBL450786	90197
46191454	301	PHA-793887	PHA-793887	"PHA793887	 PHA 793887"	"CDK2	 CDK7	 CDK5"	Cell cycle	46191454	980	LSM-1073	"PHA-793887	 PHA 793887"	CC(C)CC(=O)Nc1n[nH]c2c1CN(C(=O)C3CCN(C)CC3)C2(C)C	46191454	CHEMBL1230607	91371
8249	196	Phenformin	Phenformin	DBI	Biguanide agent	Other	8249	969	LSM-2233	Phenformin	NC(=NC(=NCCc1ccccc1)N)N	8249	CHEMBL2348409; CHEMBL1528839; CHEMBL170988	8064
9884685	302	PI-103	PI-103	"PI-103	 PI103	 PI 103"	"PI3Kalpha	 DAPK3	 CLK4	 PIM3	 HIPK2"	PI3K/MTOR signaling	9884685	969	LSM-1126	PI-103	Oc1cccc(c1)c2nc(N3CCOCC3)c4oc5ncccc5c4n2	9884685	CHEMBL573339; CHEMBL538346	90524
17755052	1058	Pictilisib	Pictilisib	"GDC-0941	 GDC0941	 RG-7621"	PI3K (class 1)	PI3K/MTOR signaling	17755052	880	LSM-1047	"Pictilisib	 GDC-0941	 RG-7321"	CS(=O)(=O)N1CCN(Cc2cc3nc(nc(N4CCOCC4)c3s2)c5cccc6[nH]ncc56)CC1	17755052	CHEMBL521851; CHEMBL1922096	65326
17755052	1527	Pictilisib	Pictilisib	"GDC-0941	 GDC0941	 RG-7621"	PI3K (class 1)	PI3K/MTOR signaling	17755052	919	LSM-1047	"Pictilisib	 GDC-0941	 RG-7321"	CS(=O)(=O)N1CCN(Cc2cc3nc(nc(N4CCOCC4)c3s2)c5cccc6[nH]ncc56)CC1	17755052	CHEMBL521851; CHEMBL1922096	65326
6852167	303	PIK-93	PIK-93	"PIK 93	 PIK93"	PI3Kgamma	PI3K/MTOR signaling	6852167	978	LSM-1191	PIK-93	CC(=O)Nc1nc(C)c(s1)c2ccc(Cl)c(c2)S(=O)(=O)NCCO	6852167	CHEMBL1229535	
637858	1243	Piperlongumine	Piperlongumine	Piplartine	Induces reactive oxygen species	Other	637858	965	LSM-42914	"Piplartine	 Piperlongumine"	COc1cc(\C=C\C(=O)N2CCC=CC2=O)cc(OC)c1OC	637858	CHEMBL465843	8241
24180719	1036	PLX-4720	PLX-4720	"PLX4720	 PLX 4720"	BRAF	ERK MAPK signaling	24180719	887	LSM-1049	"PLX-4720	 PLX 4720"	CCCS(=O)(=O)Nc1ccc(F)c(C(=O)c2c[nH]c3ncc(Cl)cc23)c1F	24180719	CHEMBL1230020	90295
24180719	1371	PLX-4720	PLX-4720	"PLX4720	 PLX 4720"	BRAF	ERK MAPK signaling	24180719	955	LSM-1049	"PLX-4720	 PLX 4720"	CCCS(=O)(=O)Nc1ccc(F)c(C(=O)c2c[nH]c3ncc(Cl)cc23)c1F	24180719	CHEMBL1230020	90295
24826799	155	Ponatinib	Ponatinib	"AP24534	 AP-24534	 KIN001-192	 Iclusig"	"ABL	 PDGFRA	 VEGFR2	 FGFR1	 SRC	 TIE2	 FLT3"	RTK signaling	24826799	940	LSM-1151	"Ponatinib	 AP-24534"	CN1CCN(Cc2ccc(NC(=O)c3ccc(C)c(c3)C#Cc4cnc5cccnn45)cc2C(F)(F)F)CC1	24826799	CHEMBL1171837; CHEMBL2105708	78543
4993	71	Pyrimethamine	Pyrimethamine	"Daraprim	 Chloridine"	Dihydrofolate reductase (DHFR)	Other	4993	429	LSM-3967	"Pyrimethamine	 Malacide	 Daraprim	 Chloridin	 TCMDC-125860	 TCMDC-123831	 GNF-PF-5586"	CCc1nc(N)nc(N)c1c2ccc(Cl)cc2	4993	CHEMBL36	8673
71748056	235	QL-XII-47	QL-XII-47		"BTK	 BMX"	"Other	 kinases"	71748056	980	LSM-6019	"QL47	 QL-XII-47"	Cn1cc(cn1)c2ccc3ncc4C=CC(=O)N(c5ccc6CCN(C(=O)C=C)c6c5)c4c3c2	71748056		94815
24889392	254	Quizartinib	Quizartinib	"AC220	 AC 220	 AC-220	 Asp-2689"	FLT3	RTK signaling	24889392	979	LSM-1037	"Quizartinib	 ASP-2689	 AC010220	 AC-220"	CC(C)(C)c1onc(NC(=O)Nc2ccc(cc2)c3cn4c5ccc(OCCN6CCOCC6)cc5sc4n3)c1	24889392	CHEMBL576982; CHEMBL2105709	90217
25126798	206	Ruxolitinib	Ruxolitinib	"INCB-18424	 Ruxolitinib Phosphate	 Jakafi"	"JAK1	 JAK2"	"Other	 kinases"	25126798	982	LSM-1139	"Ruxolitinib	 INCB-018424	 INCB018424(RUXOLITINIB)"	N#CC[C@H](C1CCCC1)n2cc(cn2)c3ncnc4[nH]ccc34	25126798	CHEMBL1789941; CHEMBL1795071	66919
76044	41	S-Trityl-L-cysteine	S-Trityl-L-cysteine	"NSC 83265	 Tritylcysteine"	KIF11	Mitosis	76044	425	LSM-1218	S-Trityl-L-Cysteine	N[C@@H](CSC(c1ccccc1)(c2ccccc2)c3ccccc3)C(=O)O	76044		91461
10302451	38	Saracatinib	Saracatinib	"AZD0530	 AZD-0530	 AZ-10353926"	"ABL	 SRC"	RTK signaling	10302451	436	LSM-1032	"Saracatinib	 AZ-10353926	 AZD-0530"	CN1CCN(CCOc2cc(OC3CCOCC3)c4c(Nc5c(Cl)ccc6OCOc56)ncnc4c2)CC1	10302451	CHEMBL217092; CHEMBL2105677	
176158	1025	SB216763	SB216763	"SB-216763	 SB 216763"	"GSK3A	 GSK3B"	WNT signaling	176158	785	LSM-1161	"SB-216763	 BRD-K59184148"	Cn1cc(C2=C(C(=O)NC2=O)c3ccc(Cl)cc3Cl)c4ccccc14	176158	CHEMBL102714; CHEMBL3582401	91421
9967941	304	SB52334	SB52334	"SB-52334	 SB 52334"	ALK5	RTK signaling	9967941	977	LSM-1121	"SB525334	 SB-525334"	Cc1cccc(n1)c2[nH]c(nc2c3ccc4nccnc4c3)C(C)(C)C	9967941	CHEMBL401570	91391
160355	110	Seliciclib	Seliciclib	"Roscovitine	 CYC-202	 AL-39256"	"CDK2	 CDK7	 CDK9"	Cell cycle	160355	422	LSM-1001	"Seliciclib	 Roscovitine	 AL-39256	 CYC-202	 Roscovitine(Cyc202)"	CC[C@H](CO)Nc1nc(NCc2ccccc2)c3ncn(C(C)C)c3n1	160355	CHEMBL14762	45307
5113032	341	Selisistat	Selisistat	"EX-527	 EX 527"	SIRT1	Chromatin histone acetylation	5113032	974	LSM-36370	"EX527	 SID124391161	 EX-527"	NC(=O)C1CCCc2c1[nH]c3ccc(Cl)cc23	5113032	CHEMBL420311	90369
10127622	1062	Selumetinib	Selumetinib	"AZD6244	 AZD-6244	 ARRY-886"	"MEK1	 MEK2"	ERK MAPK signaling	10127622	862	LSM-1056	"Selumetinib	 ARRY-142886	 ARRY-886	 AZD-6244"	Cn1cnc2c(F)c(Nc3ccc(Br)cc3Cl)c(cc12)C(=O)NOCCO	10127622	CHEMBL1614701; CHEMBL2105684	90227
10127622	1498	Selumetinib	Selumetinib	"AZD6244	 AZD-6244	 ARRY-886"	"MEK1	 MEK2"	ERK MAPK signaling	10127622	956	LSM-1056	"Selumetinib	 ARRY-142886	 ARRY-886	 AZD-6244"	Cn1cnc2c(F)c(Nc3ccc(Br)cc3Cl)c(cc12)C(=O)NOCCO	10127622	CHEMBL1614701; CHEMBL2105684	90227
216239	30	Sorafenib	Sorafenib	"Nexavar	 284461-73-0	 BAY 43-9006"	"PDGFR	 KIT	 VEGFR	 RAF"	RTK signaling	216239	431	LSM-1008	"Sorafenib	 BAY-43-9006"	CNC(=O)c1cc(Oc2ccc(NC(=O)Nc3ccc(Cl)c(c3)C(F)(F)F)cc2)ccn1	216239	CHEMBL1760433; CHEMBL1336; CHEMBL1200485	50924
704473	258	STF-62247	STF-62247	STF62247	Autophagy inducer	Other	704473	975	LSM-37217	"STF62247	 STF-62247	 SID24802740"	Cc1cccc(Nc2nc(cs2)c3ccncc3)c1	704473	CHEMBL565269	125656
5329102	5	Sunitinib	Sunitinib	"Sutent	 Sunitinib Malate	 SU-11248"	"PDGFR	 KIT	 VEGFR	 FLT3	 RET	 CSF1R"	RTK signaling	5329102	426	LSM-42800	"Sunitinib	 Sutent	 SU-11248"	CCN(CC)CCNC(=O)c1c(C)[nH]c(\C=C\2/C(=O)Nc3ccc(F)cc23)c1C	5329102	CHEMBL3542310; CHEMBL3109278; CHEMBL535; CHEMBL1567	38940
447912	333	T0901317	T0901317	"TO-901317	 TO901317"	"LXR	 FXR"	Other	447912	972	LSM-2509	"T091317	 T0901317	 T-0901317	 BRD-K23383398"	OC(c1ccc(cc1)N(CC(F)(F)F)S(=O)(=O)c2ccccc2)(C(F)(F)F)C(F)(F)F	447912	CHEMBL62136	
9952773	221	TAK-715	TAK-715	"KIN001-201	 TAK 715"	"p38alpha	 p38beta"	JNK and p38 signaling	9952773	983	LSM-1060	TAK-715	CCc1nc(c2cccc(C)c2)c(s1)c3ccnc(NC(=O)c4ccccc4)c3	9952773	CHEMBL363648	91360
2733526	1199	Tamoxifen	Tamoxifen	"Nolvadex	 Soltamox	 Zynoplex	 ICI-46474	 Kessar"	ESR1	Hormone-related	2733526	966	LSM-42959	"Tamoxifen	 Nolvadex	 Soltamox	 ICI-46474"	CC\C(=C(/c1ccccc1)\c2ccc(OCCN(C)C)cc2)\c3ccccc3	2733526	CHEMBL786; CHEMBL83; CHEMBL489	41774
6505803	1026	Tanespimycin	Tanespimycin	"17-AAG	 BMS-722782"	HSP90	Protein stability and degradation	6505803	889	LSM-43238	"Tanespimycin	 BMS-722782"	CO[C@H]1C[C@H](C)CC2=C(NCC=C)C(=O)C=C(NC(=O)\C(=C\C=C/[C@H](OC)[C@@H](OC(=O)N)\C(=C\[C@H](C)[C@H]1O)\C)\C)C2=O	6505803	CHEMBL109480	64153
5394	1375	Temozolomide	Temozolomide	"Temodar	 Temodal	 M-39831	 SCH 52365"	DNA alkylating agent	DNA replication	5394	944	LSM-4590	"Temozolomide	 Temodal	 Temodar	 CCRG-81045	 M&B-39831	 M-39831	 SCH-52365"	CN1N=Nc2c(ncn2C1=O)C(=O)N	5394	CHEMBL810	72564
9907093	94	TGX221	TGX221	"TGX-221	 Tgx 221"	PI3Kbeta	PI3K/MTOR signaling	9907093	427	LSM-1172	"TGX 221	 TGX-221	 SID103905517"	CC(Nc1ccccc1)C2=CC(=CN3C(=O)C=C(N=C23)N4CCOCC4)C	9907093	CHEMBL1972466	91428
446378	180	Thapsigargin	Thapsigargin	Octanoic acid	SERCA	Other	446378	914	LSM-43008	Thapsigargin	CCCCCCCC(=O)O[C@@H]1[C@@H](OC(=O)\C(=C/C)\C)C(=C2[C@@H]3OC(=O)[C@@](C)(O)[C@@]3(O)[C@H](C[C@](C)(OC(=O)C)[C@@H]12)OC(=O)CCC)C	446378	CHEMBL96926	9516
159324	204	Tipifarnib	Tipifarnib	Zarnestra	Farnesyl-transferase (FNTA)	Other	159324	928	LSM-6258	"Tipifarnib	 Tipifarnib-P2	 R-11577	 R-115777"	CN1C(=O)C=C(c2cccc(Cl)c2)c3cc(ccc13)[C@](N)(c4ccc(Cl)cc4)c5cncn5C	159324	CHEMBL289228	
9911830	312	Tivozanib	Tivozanib	"AV-951	 AV 951	 KRN-951	 KIL8951	 ASP-4130"	"VEGFR1	 VEGFR2	 VEGFR3"	RTK signaling	9911830	978	LSM-1005	"Tivozanib	 ASP-4130	 KRN-951	 KIL-8951	 KIL8951"	COc1cc2nccc(Oc3ccc(NC(=O)Nc4cc(C)on4)c(Cl)c3)c2cc1OC	9911830	CHEMBL1289494; CHEMBL2105756; CHEMBL3426917	91327
5494449	32	Tozasertib	Tozasertib	"MK 0457	MK-0457	MK-045	 VX-680 VX 680 VX-68"	"AURKA	 AURKB	 AURKC	 others"	Mitosis	5494449	421	LSM-1021	"Tozasertib	 MK-045	 MK-0457	 VX-68	 VX-680"	CN1CCN(CC1)c2cc(Nc3cc(C)[nH]n3)nc(Sc4ccc(NC(=O)C5CC5)cc4)n2	5494449	CHEMBL572878; CHEMBL2105657	91336
9903786	305	TPCA-1	TPCA-1		IKK2	"Other	 kinases"	9903786	978	LSM-1136	"TPCA-1	 BRD-K51575138	 SID50112910"	NC(=O)Nc1sc(cc1C(=O)N)c2ccc(F)cc2	9903786	CHEMBL257167	91403
11707110	1372	Trametinib	Trametinib	"GSK1120212	 Mekinist"	"MEK1	 MEK2"	ERK MAPK signaling	11707110	930	LSM-1143	"Trametinib	 GSK1120212"	CN1C(=O)C(=C2N(C(=O)N(C3CC3)C(=O)C2=C1Nc4ccc(I)cc4F)c5cccc(NC(=O)C)c5)C	11707110	CHEMBL2105741; CHEMBL2103875	75998
444795	1009	Tretinoin	Tretinoin	"ATRA	 Vesanoid	 Renova	 Atralin	 Tretin-X	 Avita"	Retinoic acid 	Other	444795	883	LSM-42854	"Tretinoin	 Atralin	 Vesanoid	 Avita	 Renova	 Tretin-X	 Retin-A Micro	 Retin-A"	C\C(=C/C=C/C(=C/C(=O)O)/C)\C=C\C1=C(C)CCCC1(C)C	444795	CHEMBL38; CHEMBL2051965	15367
11455910	1149	TW 37	TW 37	"TW37	 TW-37"	"BCL2	 BCL-XL	 MCL1"	Apoptosis regulation	11455910	963	LSM-6236	"TW 37	 TW-37"	CC(C)c1ccccc1Cc2cc(C(=O)Nc3ccc(cc3)S(=O)(=O)c4ccccc4C(C)(C)C)c(O)c(O)c2O	11455910	CHEMBL217354	95008
46224516	1236	UNC0638	UNC0638	"UNC-0638	 UNC 0683"	G9a and GLP methyltransferases	Chromatin histone methylation	46224516	969	LSM-6325	UNC0638	COc1cc2c(NC3CCN(CC3)C(C)C)nc(nc2cc1OCCCN4CCCC4)C5CCCCC5	46224516	CHEMBL1231795	95074
46224516	245	UNC0638	UNC0638	"UNC-0638	 UNC 0683"	G9a and GLP methyltransferases	Chromatin histone methylation	46224516	972	LSM-6325	UNC0638	COc1cc2c(NC3CCN(CC3)C(C)C)nc(nc2cc1OCCCN4CCCC4)C5CCCCC5	46224516	CHEMBL1231795	95074
57339144	1262	UNC1215	UNC1215	UNC-1215	L3MBTL3	Chromatin other	57339144	945	LSM-6338	UNC1215	O=C(N1CCC(CC1)N2CCCC2)c3ccc(C(=O)N4CCC(CC4)N5CCCC5)c(Nc6ccccc6)c3	57339144	CHEMBL2426364	95086
11960529	1018	Veliparib	Veliparib	"ABT-888	 ABT888	 ABT 888"	"PARP1	 PARP2"	Genome integrity	11960529	893	LSM-1146	Veliparib	C[C@@]1(CCCN1)c2nc3c(cccc3[nH]2)C(=O)N	11960529	CHEMBL506871	62880
6710780	1004	Vinblastine	Vinblastine	Velban	Microtubule destabiliser	Mitosis	6710780	893	LSM-1647	Vinblastine	CC[C@]1(O)CC2CN(CCc3c([nH]c4ccccc34)[C@@](C2)(C(=O)OC)c5cc6c(cc5OC)N(C)[C@H]7[C@](O)([C@H](OC(=O)C)[C@]8(CC)C=CCN9CC[C@]67[C@H]89)C(=O)OC)C1	6710780		
5311497	140	Vinorelbine	Vinorelbine 	"vinorelbine tartrate	 Navelbine	 Exelbine"	Microtubule destabiliser	Mitosis	5311497	941	LSM-6302	Vinorelbine base	CCC1=C[C@@H]2CN(C1)Cc3c([nH]c4ccccc34)[C@@](C2)(C(=O)OC)c5cc6c(cc5OC)N(C)[C@H]7[C@](O)([C@H](OC(=O)C)[C@]8(CC)C=CCN9CC[C@]67[C@H]89)C(=O)OC	5311497		480999
5311	1012	Vorinostat	Vorinostat	"Zolinza	 SAHA	 suberanilohydroxamic acid	 suberoylanilide hydroxamic acid	 MK-0683"	"HDAC inhibitor Class I	 IIa	 IIb	 IV"	Chromatin histone acetylation	5311	894	LSM-3828	"Vorinostat	 Zolinza	 N1-Hydroxy-N8-Phenyloctanediamide Cali-011-1"	ONC(=O)CCCCCCC(=O)Nc1ccccc1	5311	CHEMBL98	45716
11634725	262	VX-11e	VX-11e	"VX11e	 VX11e"	ERK2	ERK MAPK signaling	11634725	977	LSM-6291	"VX-11E	 ERK-Inhibitor-11E	 SID124950691"	Cc1cnc(Nc2ccc(F)cc2Cl)nc1c3c[nH]c(c3)C(=O)N[C@H](CO)c4cccc(Cl)c4	11634725	CHEMBL583042	95049
10341154	1028	VX-702	VX-702	"VX702	 VX 702"	p38	JNK and p38 signaling	10341154	890	LSM-5252	"VX-702	 VX702"	NC(=O)N(c1ccc(C(=O)N)c(n1)c2ccc(F)cc2F)c3c(F)cccc3F	10341154	CHEMBL1090090	94489
11844351	56	WH-4-023	WH-4-023	KIN001-112	"SRC	 LCK"	"Other	 kinases"	11844351	424	LSM-5613	"WH-4-023	 WH-4023"	COc1ccc(N(C(=O)Oc2c(C)cccc2C)c3ccnc(Nc4ccc(cc4)N5CCN(C)CC5)n3)c(OC)c1	11844351	CHEMBL213100	94644
3796	288	WHI-P97	WHI-P97	"AC1L1GQE	 KIN001-055"	JAK3	"Other	 kinases"	3796	978	LSM-1033	"WHI-P97	 KIN001-055"	COc1cc2ncnc(Nc3cc(Br)c(O)c(Br)c3)c2cc1OC	3796	CHEMBL421942	91344
49821040	59	WZ-1-84	WZ-1-84	KIN001-123	BMX	"Other	 kinases"	49821040	426	LSM-1215	"SCHEMBL2122034	 KIN001-123"	CCC(=O)N(C)c1ccc(Nc2nc(NC3CCCN(C3)C(=O)C=C)c4nc[nH]c4n2)cc1	49821040		91458
2726824	1268	XAV939	XAV939	"NVP-XAV939	 XAV-939	 XAV 939"	"TNKS1	 TNKS2"	WNT signaling	2726824	956	LSM-5303	"XAV 939	 SID137275898	 XAV-939"	Oc1nc(nc2CCSCc12)c3ccc(cc3)C(F)(F)F	2726824	CHEMBL1086580	62878
46844147	106	XMD8-85	XMD8-85	ERK5-IN-1	"ERK5	 BET"	Other	46844147	423	LSM-1093	"CHEMBL1673039	 XMD-885"	COc1cc(ccc1Nc2ncc3N(C)C(=O)c4ccccc4N(C)c3n2)N5CCN(C)CC5	46844147	CHEMBL1673039	91375
46843772	1164	XMD8-92	XMD8-92	XMD 8-92	MAPK7	"Other	 kinases"	46843772	520	LSM-1094	"XMD 8-92	 XMD-892	 SID121284523	 SID137275886"	CCOc1cc(ccc1Nc2ncc3N(C)C(=O)c4ccccc4N(C)c3n2)N5CCC(O)CC5	46843772	CHEMBL1673046	60325
9810884	309	Y-39983	Y-39983		ROCK	Cytoskeleton	9810884	978	LSM-1150	Y-39983	C[C@@H](N)c1ccc(cc1)C(=O)Nc2ccnc3[nH]ccc23	9810884	CHEMBL571948	91412
44632017	1239	YK-4-279	YK-4-279	YK 4-279	RNA helicase A	Other	44632017	821	LSM-4933	"YK 4-279	 YK-4279"	COc1ccc(cc1)C(=O)CC2(O)C(=O)Nc3c(Cl)ccc(Cl)c23	44632017	CHEMBL2011500	94301
9956222	310	YM201636	YM201636	"YM-201636	 YM 201636"	PYKFYVE	Other	9956222	978	LSM-1109	"YM 201636	 YM-201636"	Nc1ccc(cn1)C(=O)Nc2cccc(c2)c3nc(N4CCOCC4)c5oc6ncccc6c5n3	9956222	CHEMBL2178735	91382
9910224	266	Zibotentan	Zibotentan	"ZD4054	 ZD-4054"	Endothelin-1 receptor (EDNRA)	Other	9910224	977	LSM-5453	"Zibotentan	 ZD-4054"	COc1nc(C)cnc1NS(=O)(=O)c2cccnc2c3ccc(cc3)c4ocnn4	9910224	CHEMBL1628688	94573
9914412	1050	ZM447439	ZM447439	"ZM-447439	 ZM 447439"	"AURKA	 AURKB"	Mitosis	9914412	836	LSM-1096	"331771-20-1	 ZM-447439	 BRD-K72703948	 TCMDC-125873"	COc1cc2c(Nc3ccc(NC(=O)c4ccccc4)cc3)ncnc2cc1OCCCN5CCOCC5	9914412	CHEMBL202721	91376
11647372	223	ZSTK474	ZSTK474	"KIN001-167	 ZSTK-474	 ZSTK 474"	PI3K (class 1)	PI3K/MTOR signaling	11647372	982	LSM-1053	"ZSTK 474	 ZSTK-474	 TCMDC-137004"	FC(F)c1nc2ccccc2n1c3nc(nc(n3)N4CCOCC4)N5CCOCC5	11647372	CHEMBL586702	90545